protospacer,UMI_5prime_UMI_3prime_corrected_count
AAAACTGTGAGTTACAATTT,1
AAAACTGTGCGTTACGATTT,1
AAAACTGTGCGTTCCAATTT,1
AAAAGTCTTGAGTTCTTTTA,1
AAAATTAAAGTGCAACCAAT,1
AAACAATCAAAATAGTGCAG,1
AAAGAAACATGGGACGCATG,1
AAAGACAAAGTCTACCTGTC,2
AAAGGATATCTTGTCTTCTTT,1
AAATAATTATCTATCAATTC,1
AAATAGTCATCTATCAATAT,1
AAATAGTCATCTTTCAATAT,1
AAATAGTTATCTATCAATAC,1
AAATTTAAAGTACAGCCAAT,1
AAATTTAAAGTGCACCCAAT,1
AAATTTAAAGTGCAGCGAAT,1
AACACGGGAAACATGGTGGA,1
AACAGAAGTTAGTGGGAAAG,2
AACAGCACTATTCTTTAGTTC,1
AACATGGGAGACATGGTGGA,1
AACCGCAGAACCAACAAGAA,2
AACCTTCAGGAACAAATAGC,1
AACGGCGAGGAGCTGTTCAC,1
AAGCCAGGAATGGATGACCC,1
AAGCCAGGAATGGTTGGCCC,2
AAGCCAGGATTGGATGGCCC,1
AAGCCTCAATAAAGCGTTGCC,2
AAGGAAAAGGTCTACTTGGC,1
AAGGACAAAGTCAACCTGTC,1
AAGGACAAAGTCTACCTGTC,1
AAGGACAAAGTCTACCTGTG,2
AAGGACAAAGTCTACCTGTT,4
AAGGACAAAGTCTACGTGTC,3
AAGGACAAAGTCTCCCTGTC,1
AAGGATACTTCCCTGATTGG,1
AAGGATATCCTTGTCTTTTTT,1
AAGGATCTCTTGTCTTATCT,1
AAGGATCTCTTGTCTTTTCC,1
AAGGCACAGCAGTGGTCCAG,1
AAGGCACAGGAGTGGTGCAG,2
AAGGCACAGTACTGGTGCAG,1
AAGGCACAGTAGTGGTCCAG,2
AAGGCACAGTAGTGGTGACAA,5
AAGGCACAGTAGTGGTGCAT,1
AAGGCACAGTAGTTGTGCAG,1
AAGGCACAGTTGTGGTGCAG,1
AAGGCACTGTAGTGGTGCAG,1
AAGGCTACATTCCCTGATTGG,2
AAGGGCGAGGAGCTGATCAC,1
AAGGGCGAGGAGCTGTTCAC,1
AAGTATAGTTAGTCCTAGGT,1
AAGTCACAGTAGTGGTGCAG,2
AATCACAAAACCAGCAAGAA,1
AATCAGGAACAGTATTGGAT,1
AATCAGTAACAGTACTGGAT,1
AATCGCAGAACCTGCAAGAA,2
AATGACTCCTAGTGCATATT,1
AATGATCTCCCTGGTCCTCT,1
AATGATTCCTAGTGCAGATT,2
AATGATTCCTAGTGCAGTATT,1
AATTAGTTAGTCTGCCAGGT,4
AATTAGTTGGTCTGCCAGGC,1
AATTAGTTGGTCTGCTAGGT,1
AATTTCTCCTACTGGGAGAG,1
ACAACCAAATCAAAGTGAAT,4
ACACATAGTTAGCCCTAGTT,1
ACACATAGTTAGCCCTATGT,1
ACAGACTCAAAGTATGCATT,1
ACAGACTCACAATATGCACT,1
ACAGAGTATTTGCAGGCCAC,1
ACAGATTCACAGTATGCTTT,1
ACAGCGGCAATGAGAGTGAG,1
ACAGTCGCAATGAGAGTGAC,2
ACAGTGGCAATGAGAGTGAT,1
ACAGTGGCAATGAGATTGAG,2
ACATATAGTTAGTCCTGGGT,1
ACATGGGGCATCATGCTCCT,1
ACCATGGGAAGCATGGTGGA,1
ACCCTCTATTGAGTGCATCA,2
ACCCTTCAGGAACAAATAAT,1
ACCCTTCAGGAACAAATAGAC,1
ACCGATCTACATAGTCTCTA,1
ACCTGTCTACATAGGCTCTA,4
ACCTGTCTACATAGTCTCTA,1
ACGCAGTATTGGCAAGCCAC,1
ACGCCAGGAATGGATGGCCC,1
ACGTACTCATCTATCAATAC,1
ACGTAGTCATCTGTCAATAC,1
ACGTATAGTTAGTCCTAGGT,1
ACTCCATGTACTGGCTCTTT,1
ACTCCATGTACTGGTTCTCT,1
ACTCTGTGAGCCTGCATGGG,2
ACTGTTTATCCATTTCAGTA,1
ACTTACGGGGCTACTTGGGC,1
ACTTAGTTATCTATCAATAC,2
ACTTATGGCGATACTTGGGC,1
ACTTATGGGGATACTTGGGC,1
ACTTATGGTGATACTTGGGA,1
AGAAAAGTACCATTTTTAGA,1
AGAAAAGTACTATTTTTAGA,1
AGAAAGGGCTTTGCTATAAG,1
AGAAAGTTTCTGGTCCTGCT,1
AGAACCCCCATATCTTTGGA,1
AGAACCTCCATTGCTTTGGA,1
AGAAGGCTTCTGCTCCTACT,2
AGAAGGTTTCTGCTCCTAGT,1
AGAAGTGGGTGTCGACATAG,1
AGAATAGACAGGTTAATTGA,1
AGAATTGGGTGCCAACATAG,1
AGACAAGACATCCTTGATCT,2
AGAGATTGGCATTTGGGTTA,1
AGAGATTGGCATTTGGTTCA,1
AGAGTCAATATTAAGCGGGG,1
AGATAAGTACTATTTTTAGA,1
AGATGGGGCACCATGCTCCT,1
AGATTTTCCAAACTGACTAA,2
AGATTTTCCACACTCACTAA,1
AGCATCAGACATACAAACAA,1
AGCCACCTGGATGCCTGAGT,1
AGCCACCTGGATTCCTGAGT,1
AGCCACCTGGATTGCTGAGT,1
AGCCCCACCAGCAGAGAGCT,1
AGCCTCACCAGCAGAGAGCT,1
AGCGGCTCCTGCTTCTGAGG,1
AGCTACCTGGATCCCTGAGT,1
AGCTTCAGACATACAAACTA,1
AGGAGACCAGACAGGCCCGA,1
AGGAGTCCTAGGCTGACTTC,2
AGGAGTCTTAGGCTGACTTC,2
AGGCTGCACTGTCCATATAT,1
AGGCTGTACAGTCCATTTAT,2
AGGCTGTACTGTTCCATTTAT,1
AGGGATCACCAGCAATATTC,4
AGGGCACAGTAGTGGTGCAA,1
AGGGCCGCCAGTTGGTGGGC,2
AGGGCCGCCTGTTGGTGCGC,1
AGGGCCGTCTGTTGGTGGGC,2
AGGGGACCCGACAGGTCCGA,2
AGGGGACCCGACGGGCCCGA,1
AGGGGACCTGACAGGCCCGA,2
AGTACAAACAATGAGACACC,1
AGTAGCAGTTCATGTAGCCA,1
AGTATGAACAATGAAACACC,2
AGTATTGGAGTCAGGAACAA,1
AGTATTGGAGTGAGGAACTA,1
AGTGTAAACAATGAGACACC,1
AGTGTAAACACTGAGACACC,1
AGTTGTACTTCCCAGAAGTC,1
ATATATGGATGATCTGTATG,1
ATATCAGCACTTGTGGATAT,1
ATATCAGCACTTTTGGAGAT,1
ATATCTTGTCTTCGTTGAGA,1
ATATTTTTGTCATGCTACAT,1
ATCACATAGAACTTTAAATG,1
ATCCATCCAATTTGTTCCTG,1
ATCCATCCTATGTGTTCCTG,1
ATCCATCCTATTTGTTCCTG,1
ATCCTTTGATGTACCCAATA,1
ATCGGCTCCTGCATCTGAGG,3
ATCGGCTCCTGCCTCTGAGA,1
ATCGGCTCCTGCCTCTGAGG,1
ATCGGCTCCTGCTTCGGAGG,2
ATCGGGCTCCTGCTTCTGAGG,2
ATCTGCTGTTTCTAACAGGC,1
ATGAGGATATAATCAGTTTA,1
ATGATTGTGTGGCAAGTAGA,1
ATGCTTCCAGGGCACTAATC,1
ATGTTTCCAAGGGCTCTAGTC,1
ATGTTTTCAGGGCTCTAGTC,1
ATTCTAAAAGAAGCGGTACA,1
ATTCTAAAAGAGCCAGAACA,1
ATTCTCAAAGAGCCAGTACA,2
ATTCTTGTGGGCTGGGGTCT,1
ATTGCTCTCCCTGGTCCTCT,1
ATTTTAAAAGAACCAGTACA,4
ATTTTGTGCATCAGATGCTAA,1
CAAAGCCTCCTACTATCATT,1
CAAATGCTGTTTATTCATTT,2
CAAATGGTGTTTATTCATTT,1
CAACTACTGTTTATCCATTT,1
CAAGAACCCCCATTCCTTTGG,1
CAAGCTGAGCCAGCAGCCGA,2
CAAGCTGTTAGACACTTTCC,1
CAATTTAAAGTAACCCAGAG,1
CACAACTGTTTCATAGTACT,1
CACAGAAGTTAGTGGGAAAG,1
CACTATGAAAGCACTAATCC,1
CACTATGAAAGCACTCATCC,1
CACTATGTTTACTTCTAAAC,1
CACTATTTTAAGAGAAAAGG,1
CAGAAAGAACCCCCATTTCT,1
CAGAACTGCACACCAGGGCC,1
CAGAAGTACACATCCCACTA,3
CAGATTTGGAATCACACGAC,1
CAGCTGTCAACATAATTGGA,1
CAGTAAAATGAAAGCCAGGA,1
CAGTGACACTACTGGATGTG,1
CAGTGCACTTTAAACAAACA,1
CAGTGCACTTTAAACGAACA,1
CAGTGCCTTGGAATACTAGT,1
CAGTTACAGTACTGGATGTG,1
CATAAGAGGTAAGGTGCAGA,1
CATAATCCCATCCAAAGGAAT,1
CATAGTGTTAGGAAACTGACA,1
CATGGCCCGAGAGCTGCCTC,1
CATGGCCGGAGAGAAGCATC,1
CATGGGATCGCGCTTCTCGT,1
CATTAGTTGGTCTGCTAGTT,1
CCAAACTAACACTTCTTTCT,1
CCAATGAGGAGGCTGCAGAA,1
CCACAATCCTCGATACAATC,1
CCACAATCCTCGCCACAATC,1
CCACAATCCTCGTTACAATC,1
CCACACGAATACTTCTCCCT,1
CCACTACTGTTTATCCATTT,1
CCACTCTAATACTTCTCTCT,1
CCACTTCTTGCTCTTCTCTG,1
CCAGCAAGAAAAGAATGAAC,1
CCAGTGTTGCGAAACTGACA,1
CCATTTCTTGCTCTCCGCTG,1
CCCCTACCCTTATTGTGACG,1
CCCCTATTACTATGCTTTCT,1
CCCCTGGAGGTTATGTACTA,1
CCCCTGGTGGTTCTGCACTA,1
CCCTACAATCCCCAAAGTCA,1
CCCTCGAACTTCACCTCGGC,1
CCGGCAAGAAAAGAATGAAC,1
CCGGTGGTGCAGATGAACTT,1
CCTCGATTCCTCCGGGCCTG,1
CCTCTTGTGGGCTGGGGTCT,1
CCTGAATCCTGCAAGGGCTAG,1
CCTTGACTTTGGGGGTTGTG,1
CGATCTCTCCTACTGGGATAG,1
CGCAACAGGCCCTGCCTGCA,1
CGTAGCTGAGCCAGCAGCAGA,1
CTAAAAACAGGAAAATATGC,1
CTAACAAGCCAGGGTTAACT,1
CTAACAGGACAGGGTTAACT,1
CTAACAGGCCACGGGTTAACT,1
CTAACCAGGCCAGGATTGACT,1
CTACTATTTCTTTTGCCACT,1
CTAGATAAATTAGTCAGTAA,2
CTATCAGGCCAGGATTGACT,1
CTATCAGGCCAGGGTTAACT,1
CTGAACACAGGAAAATATGC,1
CTGGAATCACACGACCTGGA,1
CTGGGACTAAATAAAATAGT,1
CTGTGCCGTGGAATGCTAGT,1
CTGTGCCTTAGAATGCTAGT,1
CTGTGCCTTGCGAATACTAGT,1
CTTAATATGCACCTTAATTG,1
CTTATTCTTGTAGGGATGTG,2
CTTCACTACAAGGGAAGGCCA,1
CTTCCCATGGTTCCTTTTGT,1
CTTCCCATGTTTGTTTTTGT,1
CTTCGATGTCCTTCTGGCCTG,1
CTTCGATTCCTTCGGGCCTG,1
CTTCGATTCCTTCTGGCCTG,1
CTTCTTCTGGGCTGGGGTCT,1
CTTCTTCTGGGTTAGGGTCT,1
CTTCTTGTGGGTTGGGCTCT,1
CTTCTTGTGTGTTGGGGTCT,1
CTTCTTTTGGGCTGGGGTCT,1
CTTGCCATGTTTCTTTTTGT,1
CTTGGATTCCTTCTGGCCTG,1
CTTTATGTCCACAAATTTAT,1
CTTTTATAGATGTATCCTAC,1
CTTTTATAGATTTCCCCTAC,1
CTTTTGCGATTCTTCAATTA,1
GAAGCTGTTAGACATTTTCC,1
GAAGTCTCCTACTGGGATAG,1
GACACAACATCTGTTGAAGT,1
GACCAGATATCCACTGACCT,1
GACCAGCTATCCACTGACCT,1
GACCATCAATGAGGAGGCTG,1
GACCATCAGTGAGGAGGCTG,1
GACTTACTCTTGATTGCAGC,1
GACTTACTCTTGATTGTGAC,2
GACTTCTGGGAAGTTCACCT,1
GACTTCTGGGAAGTTCAGTT,2
GAGAACAACATCTGTTGAGGT,1
GAGAAGTCCTCAAATATTGG,1
GAGACAACATCTGTTGAAGT,1
GAGACAAGGGGTCGCTGCCA,1
GAGAGGATGACAGCATGTCA,3
GAGATGATGACAGCATATCA,1
GAGATTTGGGATAACATGAC,1
GAGCAGATGACAGTGGCAAT,1
GAGCAGTAGATAGTGGCAAT,1
GAGTGATTTGAGGGAGGCTC,2
GAGTGCTTTGAGGGAGGCTA,1
GAGTTGATGACAGCATGTCA,1
GATCAGATATCCACTGCCCT,1
GATCATATATCCACTGACCT,1
GATCGTCCCAGATAAGTGAC,1
GATGCTTCCAGGGCTCTAGT,1
GATTGGTAATATCAACATAT,1
GATTTCTGGGACGTTCAATT,1
GCACAGTTTTAATTGTGGAG,1
GCACCCGCCAAGGCAAGGAG,1
GCAGCTGCTTTCTGCCTGTA,1
GCAGCTGCTTTTTGCGTGTA,1
GCAGCTGCTTTTTGCTTGTA,1
GCAGGTATCCACCAGGAATT,1
GCAGTAGCTGAAGCGACAGA,2
GCAGTAGCTGAAGGCACAGA,1
GCAGTAGCTGAAGGGCCAGA,1
GCAGTAGCTGAGGCAACAGA,1
GCAGTAGCTGAGGGCACAGA,1
GCAGTATAATGTGCTTCCAC,1
GCATCACAAGATGTAAAAAA,1
GCATGGGTACCAGCACACAA,1
GCATTACTTTGATTGTTTTT,2
GCCAAAATTACTCTATAGTG,1
GCCACAACCATCCCTTCAGA,1
GCCACAGAGGGAGCGATACA,1
GCCGGGGCACAATCATGTAT,1
GCCGGGGTACAATAATGTTT,1
GCCGTGCGCGCTTCAGCAAG,1
GCCTGATGTACCTTTTGCCC,1
GCGGGAATCAAGCAGGAATT,1
GCGGGAATCAAGTAGGAATT,1
GCGTGGGTACCAGCACATAA,1
GCGTGTCTGAAACGATAATG,1
GCTAAGGATCCGTTGACTAA,1
GCTACAACCAGCCCTTCAGA,1
GCTACAACCATCCCTGCAGA,1
GCTACAACCCTCCCTTCAGA,1
GCTACAACCTGCCCTTCAGA,1
GCTATTCTCCACAATACCTAC,1
GCTCGGCTCTTAGAGTTTTA,1
GCTGCTTGATGCCCCAGACT,1
GCTGTACTTTCTATAGTAAA,1
GCTGTGAGCGCTTCAGCAAG,1
GCTGTGCGCGCTTCAGCAAC,2
GCTGTGCGCGCTTCAGCAAG,1
GCTTCAACAGGAGGTAAAAAA,1
GCTTCACAAGATGTATAAAA,1
GGAAAGGGCTTTGCTATGAG,1
GGACATGTAGACTGTAGCCC,1
GGAGGACCCAGACATAAAGC,1
GGATCAGAGATCCACTGACC,1
GGATGGCCTGCTGTAAGGGA,1
GGATGGCCTGTTGTAAGGGA,1
GGATTAACAAACTCCCACTC,1
GGCATCAAGCAGCTCCCGGC,1
GGCATCGAACAGCTCCAGGC,2
GGCATTAAGCAGCTGCAGGC,1
GGCCACCAGGATTCCTGAGT,1
GGCCACCTGGGTTCCTGAGT,1
GGCGTGCTGCTTCATGTGGT,1
GGCTCCGCAGGGCGTCCCAG,1
GGCTCCGCAGGTCGTCCCAG,1
GGGAAATCCTCAAATATTGG,1
GGGAAGCCCTCAAATATTGG,1
GGGAAGCCCTCAAGTATTGG,1
GGGCAAGTAGACTGTAGTCC,1
GGGCAAGTAGACTGTGGTCC,1
GGGGAGTACAGTTCAGGGGA,1
GGGTCCCCTCGGGATTGGGA,1
GGTAGCAGTCCATATAGCCA,1
GGTCAAGTAGACTGTAGTCC,1
GGTCCCCTCGGGATTGGGAG,2
GGTCCCCTCGGGGCTGGGAA,1
GGTCGTCCTAGATGAGTGCT,1
GGTGGAATCTCCTACAATAT,1
GGTGGCCCGAGAGCTGCATC,1
GTACTAAAAATTGAACCATT,1
GTAGAAAAAATTGAGCCATT,1
GTAGAAAAATTAGTCAGTAA,1
GTAGACAAATTAGTCAGTGC,1
GTAGATAAATTAGTAAGTAG,1
GTAGATAAATTAGTCAATTC,1
GTAGGAGACTTCTATAAAAG,1
GTAGGAGAGATCTATAAAAG,2
GTAGGAGGCTAGATAGGTTT,2
GTAGGAGGCTTAATAGGTTT,1
GTAGGAGGCTTACTAGGTTT,1
GTAGGAGGCTTAGTAGCTTT,2
GTAGGAGGCTTAGTCGGTTT,1
GTAGTAAAAATTGAACCGTT,1
GTAGTACAAATTGAACCATT,1
GTAGTAGCTGAGGGGACAGA,1
GTAGTGAGAATTGAACCATT,1
GTATAAACAAACTCCCACTC,1
GTATATTTCCGGGAAAGCTA,1
GTATCCTGCCCTGTCTCTGC,1
GTATGGCAGACCCACAGATC,1
GTATGTTTCAGGGAAAGGTA,1
GTATGTTTCAGGTAAAGCTA,1
GTATTAACAAACTCCCACTC,1
GTATTAACAGACTCCCACTC,1
GTATTGATCGATGACTATGT,1
GTCAAGGAGTAGTAGAATAT,1
GTCAAGGAGTAGTAGCATCC,1
GTCAAGGAGTAGTGGAATCT,1
GTCGTGCTGCTTCATGTCGT,1
GTCTTGCGATTCTTCAATTA,1
GTGACTAGGGGTCGTTGCCA,1
GTGCCTGGCTAGAAGCATAA,1
GTGCCTGGCTATAAGCACAA,1
GTGGGAGACATCTATAAAAG,3
GTGGGTCTGAAACGACAATG,2
GTGGTCAAAAACTAGTGTGA,1
GTGGTCAAAAAGTAGTGTTA,1
GTGGTCAATAAGTAGTGTGA,1
GTGTACATCTGAACTTACTC,1
GTGTACATCTGAACTTATTT,1
GTGTGATAGACCCACAGATC,2
GTGTGGTAGACCCACAGATC,1
GTTCTTCTGATCCTGTCTGA,1
GTTTAAAGTGCAATGATTTG,1
GTTTCCTCCCCTGTCTCTGT,2
GTTTCGTGCCCTGTCTCTGC,1
GTTTCTTGCCCTGTCACTGC,1
GTTTCTTGTCCTGTCTCTGC,1
TAACAGAAGGAGCCACCCCA,1
TAATGGGTCACAGTCTATTA,1
TACAGAAGTTAGAGGGAAAG,1
TACAGAAGTTAGTGGGAAAG,2
TACCATAATTGTACTAGGGG,1
TACCATAATTTTACTAGAGG,1
TACCATAATTTTACTAGGGG,1
TACCATAGATTTTACTAGGGG,2
TACCATAGTTTCACTAAAGG,2
TACTATATTTACTTCCGATC,1
TACTATGCTTACTTCTAGTC,1
TACTATGTTTACTTCTTATC,1
TACTATGTTTCCTTCTAACC,1
TAGAGCTTTTAGAGGAACTT,1
TAGAGTGAATAGAGTTAGGC,1
TAGATAAATGGGCAAGTTTG,1
TAGCTGCTGTATTGCTACTC,1
TAGGCTGGACTGTCCACTTGT,1
TAGTACCCTTCAGGAAGAAA,1
TATAGTAAATAGAGTCAGGC,1
TATCAGAAGGAGCCACACCA,1
TATCAGAAGGGGCCACCCCA,1
TATGAAGCTTGCTCGGCTCT,1
TATGGGGGACAATTGGAGAA,1
TCAAGCACAACCAGATCAAA,1
TCAAGCACAACTAGATAAGA,1
TCAAGCAGGACACAACAAGG,1
TCAAGCAGGACATAACAAGG,1
TCAAGCCTGCTACTATCATT,1
TCAATACAATGTGGTTCCAC,1
TCAATGAGGAGGCTGCAGAA,1
TCAATGATGAGGCTGCAGAA,1
TCACAATCCTCGCTACAATC,1
TCACACTTATCTGGTTGTGC,1
TCACATATAATGTGCTTCCAC,3
TCACCTAGAACTTTGAATGC,2
TCACGCCTATCTGGTTGTGC,2
TCACTCCTATCTGGTCGTGC,1
TCACTCCTCTCTGGTTGTGC,1
TCACTCTTATCTGGTTGTGC,1
TCACTTTGATCTGGTTGTGC,1
TCAGCAGTTCTTGAAGTTCT,1
TCAGCAGTTCTTGTTGTACT,2
TCAGTACAAATGTGCTCCCAC,1
TCAGTACAATGTACTTCCAC,3
TCAGTACAATGTGCTCCCAC,1
TCAGTACAATGTTCTCCCAC,1
TCAGTACATATGTGCTGCCAC,1
TCAGTACGATGTGCTCCCAC,1
TCAGTATAATGTGCCTCCAC,1
TCAGTGCCTTGGTTCCCCTA,1
TCCCCAAAGTCAACGAGTGG,1
TCCCCAAAGTCAAGGGGTAG,1
TCCCCAAGGTCAAGGAGTGG,1
TCCTACAATCCCCAAAGCCA,1
TCCTCAAAGTCAAGGAGTAG,1
TCCTGCTATGTCACTTCCCC,1
TCCTGCTATGTCACTTCCGC,3
TCGGGCATGTCGGGTCCCCT,1
TCTCTGCATGATTATGGTAG,1
TCTCTGCTTCATTATGGTAG,1
TCTGCACCACTACTGTACCT,1
TCTGGGTCAAGGAGTCTCCA,1
TCTGGGTCAGGGAGTCTCCA,1
TCTTAAAATGGTCGTACAAT,2
TCTTTTCTTTTTTAACCCTG,1
TGAAAGGGCTTTGCTATAAG,1
TGACACAACAAATCAGAAAC,2
TGACACAACAAATCAGAAGA,1
TGACCACTGAGAGAGAAGTGT,2
TGACCCTCAGAGAGAAGTGT,1
TGACCCTGAGAGAGAAGGTGT,1
TGAGAGTGAAGGAGATCAGG,1
TGCAACAGGCCCTGCATGCA,1
TGCAATAGGCCCTGCATGTA,1
TGCAATAGGCCCTGCGATGTA,1
TGCATCAAGCAGCTCCAGGC,1
TGCTTTAATAGAGAAGCTTG,1
TGGAAACCAAAAATGATCGG,1
TGGATAAGTGGGCAAGATTG,1
TGGATAAGTGGGCAAGTTTG,1
TGGATAAGTGGGCTAGTTTG,1
TGGGCAAGTCAAATTTATGC,1
TGGGCAAGTCAGATTTCCGC,1
TGGTGGAATCTACTGCAGTA,1
TGTACGGGTAGTCTAAATTT,1
TGTACTGTCCATTTATCCGG,2
TGTACTTCCACAGGGATGGA,1
TGTATAAACGGCAGTTGTTG,1
TGTATGGGCAGTTTACATTT,1
TGTATGGGTAATTTAAATTT,1
TGTCTTATTCTTCGAGGTAT,2
TGTCTTGTGGGTTGGGGTCT,1
TGTGCAAGTCAGATTTACGC,1
TGTGCATCCACAGGGGTGGA,1
TGTGCGCCCACAGGGATGGA,1
TGTGCTCCCACAGGGATGGA,1
TGTGCTGCCACAGGGATGGA,1
TGTGCTGCCACAGGGATGGC,1
TGTGCTGCCCCAGGGATGGA,2
TTAAGAGAAAGAAAAATAGA,1
TTAAGCCTCCTACTATCATT,1
TTAATGAGGAAGCTGCAGAA,1
TTACACCCTATCAGCCTGCA,2
TTACACCCTGCGAGCCTGCA,2
TTACACCCTGTGAGCTTGCA,1
TTACGACAAAGAAAAATAGA,1
TTAGGCAAGCCACTTGGATTC,2
TTAGTGCCTTGGTTCACCTA,1
TTAGTGCTCTTGGTTCCTCTA,1
TTAGTGCTTTGCTTCCTCTA,1
TTAGTGCTTTGGTTGCCCTA,2
TTATAAAAGATGGACAATCC,1
TTATAAAAGATGGATAAGCC,1
TTATAAGAGATGGATAATCC,1
TTATCGGTCACAGTCTATTA,1
TTATGGGTACCAGCACACAA,1
TTATGGGTCGCAGTCTATTA,1
TTCAAGCACAACCAGACTAAG,1
TTCCTTCCCCCTGGCCTTAA,1
TTCGGATGTCTCTAAAAGGC,1
TTCGGCTACTAAGTCTTTTG,1
TTCTACCACTCCCTGACTTT,1
TTCTATTACTCCTTGACCTT,1
TTCTTTCCCCCTGGCCGTAA,1
TTCTTTCCCCCTGGCTTTAA,1
TTCTTTCCTCCTGGCCTTAA,1
TTCTTTCCTCCTGGCCTTGA,1
TTGAGATAACATGACCTGGA,1
TTGGAATCCCACGACCTGGA,1
TTGGCAAGTCAGATTTACCC,1
TTGGCAGGCTACCTGGGTTC,1
TTGGGCAAGTCAGATTTATGC,2
TTGGTGGGCCGGGATCAAGC,1
TTGGTGGGCGGGGATCAAGC,1
TTGGTGGGCGGGGATCAGGC,1
TTGTACAGCTCGTCCATGCC,1
TTGTGGGTAACAGTTTATTA,1
TTGTGGGTCACAGTCTATTA,1
TTGTGGGTCACAGTTTATAA,1
TTTCAGACAAGGATATCCTG,1
TTTCCCATGTCTCTTTTTTT,1
TTTCTGCATCATTATGGTCG,2
TTTCTGCATCATTATGGTGG,1
TTTCTTCATCATTATGGTAG,1
TTTCTTGTGGATTGGGGTCT,1
TTTCTTTATCATTATGGTAG,1
TTTGAGTCAGGGAGTCTCCA,1
TTTGCACCACAGCTGTGCCT,2
TTTGGAACTATAGTATCCTA,1
TTTGGGTCAGGGTGTCTCCA,2
TTTGGGTCTGGGAGTCTCCA,1
TTTGGGTTAAGGAGTCTCCA,1
TTTTAAGATAGTCTTACAAT,1
TTTTCTATAATTCTTTATTC,1
TTTTCTTTAATTCTTTATGC,1
TTTTGCTGGTCCTCTCCAAA,1
TTTTTTCTTTTTTTACCCTG,1
