sample,umi,count
shuffle,AGCAAATATTGGAGTATTGT,1
shuffle,GTACAAGGGACTTTCCGAAA,1
shuffle,TTACAATAGCATTTGCTACA,1
shuffle,TTACACCCTCTGAGCCTGCA,1
M1-lib,AAAACTGTGAGTTACAATTT,1
M1-lib,AAAACTGTGCGTTACGATTT,1
M1-lib,AAAACTGTGCGTTCCAATTT,1
M1-lib,AAAAGTCTTGAGTTCTTTTA,1
M1-lib,AAAATTAAAGTGCAACCAAT,1
M1-lib,AAACAATCAAAATAGTGCAG,1
M1-lib,AAAGAAACATGGGACGCATG,1
M1-lib,AAAGACAAAGTCTACCTGTC,1
M1-lib,AAAGGATATCTTGTCTTCTTT,1
M1-lib,AAATAGTCATCTATCAATAT,1
M1-lib,AAATAGTCATCTTTCAATAT,1
M1-lib,AAATTTAAAGTACAGCCAAT,1
M1-lib,AAATTTAAAGTGCACCCAAT,1
M1-lib,AAATTTAAAGTGCAGCGAAT,1
M1-lib,AACACGGGAAACATGGTGGA,1
M1-lib,AACAGAAGTTAGTGGGAAAG,1
M1-lib,AACAGCACTATTCTTTAGTTC,1
M1-lib,AACATGGGAGACATGGTGGA,1
M1-lib,AACCGCAGAACCAACAAGAA,1
M1-lib,AACCTTCAGGAACAAATAGC,1
M1-lib,AACGGCGAGGAGCTGTTCAC,1
M1-lib,AAGCCAGGAATGGATGACCC,1
M1-lib,AAGCCAGGAATGGTTGGCCC,1
M1-lib,AAGCCAGGATTGGATGGCCC,1
M1-lib,AAGCCTCAATAAAGCGTTGCC,1
M1-lib,AAGGAAAAGGTCTACTTGGC,1
M1-lib,AAGGACAAAGTCAACCTGTC,1
M1-lib,AAGGACAAAGTCTACCTGTG,1
M1-lib,AAGGACAAAGTCTACCTGTT,1
M1-lib,AAGGACAAAGTCTACGTGTC,1
M1-lib,AAGGACAAAGTCTCCCTGTC,1
M1-lib,AAGGATACTTCCCTGATTGG,1
M1-lib,AAGGATATCCTTGTCTTTTTT,1
M1-lib,AAGGATCTCTTGTCTTATCT,1
M1-lib,AAGGATCTCTTGTCTTTTCC,1
M1-lib,AAGGCACAGCAGTGGTCCAG,1
M1-lib,AAGGCACAGGAGTGGTGCAG,1
M1-lib,AAGGCACAGTACTGGTGCAG,1
M1-lib,AAGGCACAGTAGTGGTCCAG,1
M1-lib,AAGGCACAGTAGTGGTGACAA,1
M1-lib,AAGGCACAGTAGTTGTGCAG,1
M1-lib,AAGGCACTGTAGTGGTGCAG,1
M1-lib,AAGGCTACATTCCCTGATTGG,1
M1-lib,AAGGGCGAGGAGCTGATCAC,1
M1-lib,AAGGGCGAGGAGCTGTTCAC,1
M1-lib,AAGTATAGTTAGTCCTAGGT,1
M1-lib,AAGTCACAGTAGTGGTGCAG,1
M1-lib,AATCACAAAACCAGCAAGAA,1
M1-lib,AATCAGGAACAGTATTGGAT,1
M1-lib,AATCAGTAACAGTACTGGAT,1
M1-lib,AATCGCAGAACCTGCAAGAA,1
M1-lib,AATGACTCCTAGTGCATATT,1
M1-lib,AATGATCTCCCTGGTCCTCT,1
M1-lib,AATGATTCCTAGTGCAGATT,1
M1-lib,AATGATTCCTAGTGCAGTATT,1
M1-lib,AATTAGTTAGTCTGCCAGGT,1
M1-lib,AATTAGTTGGTCTGCCAGGC,1
M1-lib,AATTAGTTGGTCTGCTAGGT,1
M1-lib,AATTTCTCCTACTGGGAGAG,1
M1-lib,ACAACCAAATCAAAGTGAAT,1
M1-lib,ACACATAGTTAGCCCTAGTT,1
M1-lib,ACACATAGTTAGCCCTATGT,1
M1-lib,ACAGACTCAAAGTATGCATT,1
M1-lib,ACAGACTCACAATATGCACT,1
M1-lib,ACAGAGTATTTGCAGGCCAC,1
M1-lib,ACAGATTCACAGTATGCTTT,1
M1-lib,ACAGCGGCAATGAGAGTGAG,1
M1-lib,ACAGTCGCAATGAGAGTGAC,1
M1-lib,ACAGTGGCAATGAGAGTGAT,1
M1-lib,ACAGTGGCAATGAGATTGAG,1
M1-lib,ACATATAGTTAGTCCTGGGT,1
M1-lib,ACATGGGGCATCATGCTCCT,1
M1-lib,ACCATGGGAAGCATGGTGGA,1
M1-lib,ACCCTCTATTGAGTGCATCA,1
M1-lib,ACCCTTCAGGAACAAATAAT,1
M1-lib,ACCCTTCAGGAACAAATAGAC,1
M1-lib,ACCGATCTACATAGTCTCTA,1
M1-lib,ACCTGTCTACATAGGCTCTA,1
M1-lib,ACCTGTCTACATAGTCTCTA,1
M1-lib,ACGCAGTATTGGCAAGCCAC,1
M1-lib,ACGTACTCATCTATCAATAC,1
M1-lib,ACGTAGTCATCTGTCAATAC,1
M1-lib,ACGTATAGTTAGTCCTAGGT,1
M1-lib,ACTCCATGTACTGGCTCTTT,1
M1-lib,ACTCCATGTACTGGTTCTCT,1
M1-lib,ACTCTGTGAGCCTGCATGGG,1
M1-lib,ACTGTTTATCCATTTCAGTA,1
M1-lib,ACTTACGGGGCTACTTGGGC,1
M1-lib,ACTTAGTTATCTATCAATAC,1
M1-lib,ACTTATGGCGATACTTGGGC,1
M1-lib,ACTTATGGGGATACTTGGGC,1
M1-lib,ACTTATGGTGATACTTGGGA,1
M1-lib,AGAAAAGTACCATTTTTAGA,1
M1-lib,AGAAAGGGCTTTGCTATAAG,1
M1-lib,AGAAAGTTTCTGGTCCTGCT,1
M1-lib,AGAACCCCCATATCTTTGGA,1
M1-lib,AGAACCTCCATTGCTTTGGA,1
M1-lib,AGAAGGCTTCTGCTCCTACT,1
M1-lib,AGAAGGTTTCTGCTCCTAGT,1
M1-lib,AGAAGTGGGTGTCGACATAG,1
M1-lib,AGAATAGACAGGTTAATTGA,1
M1-lib,AGAATTGGGTGCCAACATAG,1
M1-lib,AGACAAGACATCCTTGATCT,1
M1-lib,AGAGATTGGCATTTGGGTTA,1
M1-lib,AGAGATTGGCATTTGGTTCA,1
M1-lib,AGAGTCAATATTAAGCGGGG,1
M1-lib,AGATGGGGCACCATGCTCCT,1
M1-lib,AGATTTTCCAAACTGACTAA,1
M1-lib,AGATTTTCCACACTCACTAA,1
M1-lib,AGCATCAGACATACAAACAA,1
M1-lib,AGCCACCTGGATGCCTGAGT,1
M1-lib,AGCCACCTGGATTCCTGAGT,1
M1-lib,AGCCACCTGGATTGCTGAGT,1
M1-lib,AGCCCCACCAGCAGAGAGCT,1
M1-lib,AGCCTCACCAGCAGAGAGCT,1
M1-lib,AGCGGCTCCTGCTTCTGAGG,1
M1-lib,AGCTACCTGGATCCCTGAGT,1
M1-lib,AGCTTCAGACATACAAACTA,1
M1-lib,AGGAGACCAGACAGGCCCGA,1
M1-lib,AGGAGTCCTAGGCTGACTTC,1
M1-lib,AGGAGTCTTAGGCTGACTTC,1
M1-lib,AGGCTGCACTGTCCATATAT,1
M1-lib,AGGCTGTACAGTCCATTTAT,1
M1-lib,AGGCTGTACTGTTCCATTTAT,1
M1-lib,AGGGATCACCAGCAATATTC,1
M1-lib,AGGGCACAGTAGTGGTGCAA,1
M1-lib,AGGGCCGCCAGTTGGTGGGC,1
M1-lib,AGGGCCGCCTGTTGGTGCGC,1
M1-lib,AGGGCCGTCTGTTGGTGGGC,1
M1-lib,AGGGGACCCGACAGGTCCGA,1
M1-lib,AGGGGACCCGACGGGCCCGA,1
M1-lib,AGGGGACCTGACAGGCCCGA,1
M1-lib,AGTACAAACAATGAGACACC,1
M1-lib,AGTAGCAGTTCATGTAGCCA,1
M1-lib,AGTATGAACAATGAAACACC,1
M1-lib,AGTATTGGAGTCAGGAACAA,1
M1-lib,AGTATTGGAGTGAGGAACTA,1
M1-lib,AGTGTAAACAATGAGACACC,1
M1-lib,AGTGTAAACACTGAGACACC,1
M1-lib,AGTTGTACTTCCCAGAAGTC,1
M1-lib,ATATATGGATGATCTGTATG,1
M1-lib,ATATCAGCACTTGTGGATAT,1
M1-lib,ATATCAGCACTTTTGGAGAT,1
M1-lib,ATATCTTGTCTTCGTTGAGA,1
M1-lib,ATATTTTTGTCATGCTACAT,1
M1-lib,ATCACATAGAACTTTAAATG,1
M1-lib,ATCCATCCTATGTGTTCCTG,1
M1-lib,ATCCATCCTATTTGTTCCTG,1
M1-lib,ATCCTTTGATGTACCCAATA,1
M1-lib,ATCGGCTCCTGCATCTGAGG,1
M1-lib,ATCGGCTCCTGCCTCTGAGA,1
M1-lib,ATCGGCTCCTGCCTCTGAGG,1
M1-lib,ATCGGCTCCTGCTTCGGAGG,1
M1-lib,ATCGGGCTCCTGCTTCTGAGG,1
M1-lib,ATCTGCTGTTTCTAACAGGC,1
M1-lib,ATGAGGATATAATCAGTTTA,1
M1-lib,ATGATTGTGTGGCAAGTAGA,1
M1-lib,ATGCTTCCAGGGCACTAATC,1
M1-lib,ATGTTTCCAAGGGCTCTAGTC,1
M1-lib,ATGTTTTCAGGGCTCTAGTC,1
M1-lib,ATTCTAAAAGAAGCGGTACA,1
M1-lib,ATTCTCAAAGAGCCAGTACA,1
M1-lib,ATTCTTGTGGGCTGGGGTCT,1
M1-lib,ATTGCTCTCCCTGGTCCTCT,1
M1-lib,ATTTTAAAAGAACCAGTACA,1
M1-lib,ATTTTGTGCATCAGATGCTAA,1
M1-lib,CAAAGCCTCCTACTATCATT,1
M1-lib,CAAATGCTGTTTATTCATTT,1
M1-lib,CAAATGGTGTTTATTCATTT,1
M1-lib,CAACTACTGTTTATCCATTT,1
M1-lib,CAAGAACCCCCATTCCTTTGG,1
M1-lib,CAAGCTGAGCCAGCAGCCGA,1
M1-lib,CAAGCTGTTAGACACTTTCC,1
M1-lib,CAATTTAAAGTAACCCAGAG,1
M1-lib,CACAACTGTTTCATAGTACT,1
M1-lib,CACAGAAGTTAGTGGGAAAG,1
M1-lib,CACTATGAAAGCACTAATCC,1
M1-lib,CACTATGAAAGCACTCATCC,1
M1-lib,CACTATGTTTACTTCTAAAC,1
M1-lib,CACTATTTTAAGAGAAAAGG,1
M1-lib,CAGAAAGAACCCCCATTTCT,1
M1-lib,CAGAACTGCACACCAGGGCC,1
M1-lib,CAGAAGTACACATCCCACTA,1
M1-lib,CAGATTTGGAATCACACGAC,1
M1-lib,CAGCTGTCAACATAATTGGA,1
M1-lib,CAGTAAAATGAAAGCCAGGA,1
M1-lib,CAGTGACACTACTGGATGTG,1
M1-lib,CAGTGCACTTTAAACAAACA,1
M1-lib,CAGTGCACTTTAAACGAACA,1
M1-lib,CAGTGCCTTGGAATACTAGT,1
M1-lib,CAGTTACAGTACTGGATGTG,1
M1-lib,CATAAGAGGTAAGGTGCAGA,1
M1-lib,CATAATCCCATCCAAAGGAAT,1
M1-lib,CATAGTGTTAGGAAACTGACA,1
M1-lib,CATGGCCCGAGAGCTGCCTC,1
M1-lib,CATGGCCGGAGAGAAGCATC,1
M1-lib,CATGGGATCGCGCTTCTCGT,1
M1-lib,CATTAGTTGGTCTGCTAGTT,1
M1-lib,CCAAACTAACACTTCTTTCT,1
M1-lib,CCACAATCCTCGATACAATC,1
M1-lib,CCACAATCCTCGCCACAATC,1
M1-lib,CCACAATCCTCGTTACAATC,1
M1-lib,CCACACGAATACTTCTCCCT,1
M1-lib,CCACTCTAATACTTCTCTCT,1
M1-lib,CCACTTCTTGCTCTTCTCTG,1
M1-lib,CCAGCAAGAAAAGAATGAAC,1
M1-lib,CCAGTGTTGCGAAACTGACA,1
M1-lib,CCATTTCTTGCTCTCCGCTG,1
M1-lib,CCCCTACCCTTATTGTGACG,1
M1-lib,CCCCTATTACTATGCTTTCT,1
M1-lib,CCCCTGGAGGTTATGTACTA,1
M1-lib,CCCCTGGTGGTTCTGCACTA,1
M1-lib,CCCTACAATCCCCAAAGTCA,1
M1-lib,CCCTCGAACTTCACCTCGGC,1
M1-lib,CCGGCAAGAAAAGAATGAAC,1
M1-lib,CCGGTGGTGCAGATGAACTT,1
M1-lib,CCTCGATTCCTCCGGGCCTG,1
M1-lib,CCTGAATCCTGCAAGGGCTAG,1
M1-lib,CCTTGACTTTGGGGGTTGTG,1
M1-lib,CGATCTCTCCTACTGGGATAG,1
M1-lib,CGCAACAGGCCCTGCCTGCA,1
M1-lib,CGTAGCTGAGCCAGCAGCAGA,1
M1-lib,CTAAAAACAGGAAAATATGC,1
M1-lib,CTAACAAGCCAGGGTTAACT,1
M1-lib,CTAACAGGACAGGGTTAACT,1
M1-lib,CTAACAGGCCACGGGTTAACT,1
M1-lib,CTAACCAGGCCAGGATTGACT,1
M1-lib,CTACTATTTCTTTTGCCACT,1
M1-lib,CTAGATAAATTAGTCAGTAA,1
M1-lib,CTATCAGGCCAGGATTGACT,1
M1-lib,CTATCAGGCCAGGGTTAACT,1
M1-lib,CTGAACACAGGAAAATATGC,1
M1-lib,CTGGAATCACACGACCTGGA,1
M1-lib,CTGGGACTAAATAAAATAGT,1
M1-lib,CTGTGCCGTGGAATGCTAGT,1
M1-lib,CTGTGCCTTAGAATGCTAGT,1
M1-lib,CTGTGCCTTGCGAATACTAGT,1
M1-lib,CTTAATATGCACCTTAATTG,1
M1-lib,CTTATTCTTGTAGGGATGTG,1
M1-lib,CTTCACTACAAGGGAAGGCCA,1
M1-lib,CTTCCCATGGTTCCTTTTGT,1
M1-lib,CTTCCCATGTTTGTTTTTGT,1
M1-lib,CTTCGATGTCCTTCTGGCCTG,1
M1-lib,CTTCGATTCCTTCGGGCCTG,1
M1-lib,CTTCGATTCCTTCTGGCCTG,1
M1-lib,CTTCTTCTGGGCTGGGGTCT,1
M1-lib,CTTCTTCTGGGTTAGGGTCT,1
M1-lib,CTTCTTGTGGGTTGGGCTCT,1
M1-lib,CTTCTTGTGTGTTGGGGTCT,1
M1-lib,CTTCTTTTGGGCTGGGGTCT,1
M1-lib,CTTGCCATGTTTCTTTTTGT,1
M1-lib,CTTGGATTCCTTCTGGCCTG,1
M1-lib,CTTTATGTCCACAAATTTAT,1
M1-lib,CTTTTATAGATGTATCCTAC,1
M1-lib,CTTTTATAGATTTCCCCTAC,1
M1-lib,CTTTTGCGATTCTTCAATTA,1
M1-lib,GAAGCTGTTAGACATTTTCC,1
M1-lib,GAAGTCTCCTACTGGGATAG,1
M1-lib,GACCAGATATCCACTGACCT,1
M1-lib,GACCAGCTATCCACTGACCT,1
M1-lib,GACCATCAATGAGGAGGCTG,1
M1-lib,GACCATCAGTGAGGAGGCTG,1
M1-lib,GACTTACTCTTGATTGCAGC,1
M1-lib,GACTTACTCTTGATTGTGAC,1
M1-lib,GACTTCTGGGAAGTTCACCT,1
M1-lib,GACTTCTGGGAAGTTCAGTT,1
M1-lib,GAGAACAACATCTGTTGAGGT,1
M1-lib,GAGAAGTCCTCAAATATTGG,1
M1-lib,GAGACAACATCTGTTGAAGT,1
M1-lib,GAGACAAGGGGTCGCTGCCA,1
M1-lib,GAGAGGATGACAGCATGTCA,1
M1-lib,GAGATGATGACAGCATATCA,1
M1-lib,GAGATTTGGGATAACATGAC,1
M1-lib,GAGCAGATGACAGTGGCAAT,1
M1-lib,GAGCAGTAGATAGTGGCAAT,1
M1-lib,GAGTGATTTGAGGGAGGCTC,1
M1-lib,GAGTGCTTTGAGGGAGGCTA,1
M1-lib,GAGTTGATGACAGCATGTCA,1
M1-lib,GATCAGATATCCACTGCCCT,1
M1-lib,GATCATATATCCACTGACCT,1
M1-lib,GATCGTCCCAGATAAGTGAC,1
M1-lib,GATGCTTCCAGGGCTCTAGT,1
M1-lib,GATTGGTAATATCAACATAT,1
M1-lib,GATTTCTGGGACGTTCAATT,1
M1-lib,GCACAGTTTTAATTGTGGAG,1
M1-lib,GCACCCGCCAAGGCAAGGAG,1
M1-lib,GCAGCTGCTTTCTGCCTGTA,1
M1-lib,GCAGCTGCTTTTTGCGTGTA,1
M1-lib,GCAGCTGCTTTTTGCTTGTA,1
M1-lib,GCAGGTATCCACCAGGAATT,1
M1-lib,GCAGTAGCTGAAGCGACAGA,1
M1-lib,GCAGTAGCTGAAGGCACAGA,1
M1-lib,GCAGTAGCTGAAGGGCCAGA,1
M1-lib,GCAGTAGCTGAGGCAACAGA,1
M1-lib,GCAGTAGCTGAGGGCACAGA,1
M1-lib,GCAGTATAATGTGCTTCCAC,1
M1-lib,GCATCACAAGATGTAAAAAA,1
M1-lib,GCATGGGTACCAGCACACAA,1
M1-lib,GCATTACTTTGATTGTTTTT,1
M1-lib,GCCAAAATTACTCTATAGTG,1
M1-lib,GCCACAACCATCCCTTCAGA,1
M1-lib,GCCACAGAGGGAGCGATACA,1
M1-lib,GCCGGGGCACAATCATGTAT,1
M1-lib,GCCGGGGTACAATAATGTTT,1
M1-lib,GCCGTGCGCGCTTCAGCAAG,1
M1-lib,GCCTGATGTACCTTTTGCCC,1
M1-lib,GCGGGAATCAAGCAGGAATT,1
M1-lib,GCGGGAATCAAGTAGGAATT,1
M1-lib,GCGTGGGTACCAGCACATAA,1
M1-lib,GCGTGTCTGAAACGATAATG,1
M1-lib,GCTAAGGATCCGTTGACTAA,1
M1-lib,GCTACAACCAGCCCTTCAGA,1
M1-lib,GCTACAACCATCCCTGCAGA,1
M1-lib,GCTATTCTCCACAATACCTAC,1
M1-lib,GCTCGGCTCTTAGAGTTTTA,1
M1-lib,GCTGCTTGATGCCCCAGACT,1
M1-lib,GCTGTACTTTCTATAGTAAA,1
M1-lib,GCTGTGAGCGCTTCAGCAAG,1
M1-lib,GCTGTGCGCGCTTCAGCAAC,1
M1-lib,GCTTCAACAGGAGGTAAAAAA,1
M1-lib,GCTTCACAAGATGTATAAAA,1
M1-lib,GGAAAGGGCTTTGCTATGAG,1
M1-lib,GGACATGTAGACTGTAGCCC,1
M1-lib,GGAGGACCCAGACATAAAGC,1
M1-lib,GGATCAGAGATCCACTGACC,1
M1-lib,GGATGGCCTGTTGTAAGGGA,1
M1-lib,GGATTAACAAACTCCCACTC,1
M1-lib,GGCATCAAGCAGCTCCCGGC,1
M1-lib,GGCATCGAACAGCTCCAGGC,1
M1-lib,GGCATTAAGCAGCTGCAGGC,1
M1-lib,GGCCACCAGGATTCCTGAGT,1
M1-lib,GGCCACCTGGGTTCCTGAGT,1
M1-lib,GGCGTGCTGCTTCATGTGGT,1
M1-lib,GGCTCCGCAGGGCGTCCCAG,1
M1-lib,GGCTCCGCAGGTCGTCCCAG,1
M1-lib,GGGAAATCCTCAAATATTGG,1
M1-lib,GGGAAGCCCTCAAATATTGG,1
M1-lib,GGGCAAGTAGACTGTAGTCC,1
M1-lib,GGGCAAGTAGACTGTGGTCC,1
M1-lib,GGGGAGTACAGTTCAGGGGA,1
M1-lib,GGGTCCCCTCGGGATTGGGA,1
M1-lib,GGTAGCAGTCCATATAGCCA,1
M1-lib,GGTCCCCTCGGGATTGGGAG,1
M1-lib,GGTCCCCTCGGGGCTGGGAA,1
M1-lib,GGTCGTCCTAGATGAGTGCT,1
M1-lib,GGTGGAATCTCCTACAATAT,1
M1-lib,GGTGGCCCGAGAGCTGCATC,1
M1-lib,GTACTAAAAATTGAACCATT,1
M1-lib,GTAGAAAAAATTGAGCCATT,1
M1-lib,GTAGAAAAATTAGTCAGTAA,1
M1-lib,GTAGACAAATTAGTCAGTGC,1
M1-lib,GTAGATAAATTAGTAAGTAG,1
M1-lib,GTAGATAAATTAGTCAATTC,1
M1-lib,GTAGGAGACTTCTATAAAAG,1
M1-lib,GTAGGAGAGATCTATAAAAG,1
M1-lib,GTAGGAGGCTAGATAGGTTT,1
M1-lib,GTAGGAGGCTTAATAGGTTT,1
M1-lib,GTAGGAGGCTTACTAGGTTT,1
M1-lib,GTAGGAGGCTTAGTAGCTTT,1
M1-lib,GTAGGAGGCTTAGTCGGTTT,1
M1-lib,GTAGTAAAAATTGAACCGTT,1
M1-lib,GTAGTACAAATTGAACCATT,1
M1-lib,GTAGTAGCTGAGGGGACAGA,1
M1-lib,GTAGTGAGAATTGAACCATT,1
M1-lib,GTATATTTCCGGGAAAGCTA,1
M1-lib,GTATCCTGCCCTGTCTCTGC,1
M1-lib,GTATGGCAGACCCACAGATC,1
M1-lib,GTATGTTTCAGGGAAAGGTA,1
M1-lib,GTATGTTTCAGGTAAAGCTA,1
M1-lib,GTATTAACAAACTCCCACTC,1
M1-lib,GTATTAACAGACTCCCACTC,1
M1-lib,GTATTGATCGATGACTATGT,1
M1-lib,GTCAAGGAGTAGTAGAATAT,1
M1-lib,GTCAAGGAGTAGTAGCATCC,1
M1-lib,GTCAAGGAGTAGTGGAATCT,1
M1-lib,GTCGTGCTGCTTCATGTCGT,1
M1-lib,GTCTTGCGATTCTTCAATTA,1
M1-lib,GTGACTAGGGGTCGTTGCCA,1
M1-lib,GTGCCTGGCTAGAAGCATAA,1
M1-lib,GTGCCTGGCTATAAGCACAA,1
M1-lib,GTGGGAGACATCTATAAAAG,1
M1-lib,GTGGGTCTGAAACGACAATG,1
M1-lib,GTGGTCAAAAACTAGTGTGA,1
M1-lib,GTGGTCAAAAAGTAGTGTTA,1
M1-lib,GTGGTCAATAAGTAGTGTGA,1
M1-lib,GTGTACATCTGAACTTACTC,1
M1-lib,GTGTACATCTGAACTTATTT,1
M1-lib,GTGTGATAGACCCACAGATC,1
M1-lib,GTGTGGTAGACCCACAGATC,1
M1-lib,GTTCTTCTGATCCTGTCTGA,1
M1-lib,GTTTAAAGTGCAATGATTTG,1
M1-lib,GTTTCCTCCCCTGTCTCTGT,1
M1-lib,GTTTCGTGCCCTGTCTCTGC,1
M1-lib,GTTTCTTGCCCTGTCACTGC,1
M1-lib,GTTTCTTGTCCTGTCTCTGC,1
M1-lib,TAACAGAAGGAGCCACCCCA,1
M1-lib,TAATGGGTCACAGTCTATTA,1
M1-lib,TACAGAAGTTAGAGGGAAAG,1
M1-lib,TACAGAAGTTAGTGGGAAAG,1
M1-lib,TACCATAATTGTACTAGGGG,1
M1-lib,TACCATAATTTTACTAGAGG,1
M1-lib,TACCATAATTTTACTAGGGG,1
M1-lib,TACCATAGATTTTACTAGGGG,1
M1-lib,TACCATAGTTTCACTAAAGG,1
M1-lib,TACTATATTTACTTCCGATC,1
M1-lib,TACTATGCTTACTTCTAGTC,1
M1-lib,TACTATGTTTACTTCTTATC,1
M1-lib,TACTATGTTTCCTTCTAACC,1
M1-lib,TAGAGCTTTTAGAGGAACTT,1
M1-lib,TAGAGTGAATAGAGTTAGGC,1
M1-lib,TAGATAAATGGGCAAGTTTG,1
M1-lib,TAGCTGCTGTATTGCTACTC,1
M1-lib,TAGGCTGGACTGTCCACTTGT,1
M1-lib,TAGTACCCTTCAGGAAGAAA,1
M1-lib,TATAGTAAATAGAGTCAGGC,1
M1-lib,TATCAGAAGGAGCCACACCA,1
M1-lib,TATCAGAAGGGGCCACCCCA,1
M1-lib,TATGAAGCTTGCTCGGCTCT,1
M1-lib,TATGGGGGACAATTGGAGAA,1
M1-lib,TCAAGCACAACCAGATCAAA,1
M1-lib,TCAAGCACAACTAGATAAGA,1
M1-lib,TCAAGCAGGACACAACAAGG,1
M1-lib,TCAAGCAGGACATAACAAGG,1
M1-lib,TCAAGCCTGCTACTATCATT,1
M1-lib,TCAATACAATGTGGTTCCAC,1
M1-lib,TCAATGATGAGGCTGCAGAA,1
M1-lib,TCACAATCCTCGCTACAATC,1
M1-lib,TCACACTTATCTGGTTGTGC,1
M1-lib,TCACATATAATGTGCTTCCAC,1
M1-lib,TCACCTAGAACTTTGAATGC,1
M1-lib,TCACGCCTATCTGGTTGTGC,1
M1-lib,TCACTCCTATCTGGTCGTGC,1
M1-lib,TCACTCCTCTCTGGTTGTGC,1
M1-lib,TCACTCTTATCTGGTTGTGC,1
M1-lib,TCACTTTGATCTGGTTGTGC,1
M1-lib,TCAGCAGTTCTTGAAGTTCT,1
M1-lib,TCAGCAGTTCTTGTTGTACT,1
M1-lib,TCAGTACAAATGTGCTCCCAC,1
M1-lib,TCAGTACAATGTACTTCCAC,1
M1-lib,TCAGTACAATGTTCTCCCAC,1
M1-lib,TCAGTACATATGTGCTGCCAC,1
M1-lib,TCAGTACGATGTGCTCCCAC,1
M1-lib,TCAGTATAATGTGCCTCCAC,1
M1-lib,TCAGTGCCTTGGTTCCCCTA,1
M1-lib,TCCCCAAAGTCAACGAGTGG,1
M1-lib,TCCCCAAAGTCAAGGGGTAG,1
M1-lib,TCCCCAAGGTCAAGGAGTGG,1
M1-lib,TCCTACAATCCCCAAAGCCA,1
M1-lib,TCCTCAAAGTCAAGGAGTAG,1
M1-lib,TCCTGCTATGTCACTTCCCC,1
M1-lib,TCCTGCTATGTCACTTCCGC,1
M1-lib,TCGGGCATGTCGGGTCCCCT,1
M1-lib,TCTCTGCATGATTATGGTAG,1
M1-lib,TCTCTGCTTCATTATGGTAG,1
M1-lib,TCTGCACCACTACTGTACCT,1
M1-lib,TCTGGGTCAAGGAGTCTCCA,1
M1-lib,TCTGGGTCAGGGAGTCTCCA,1
M1-lib,TCTTAAAATGGTCGTACAAT,1
M1-lib,TCTTTTCTTTTTTAACCCTG,1
M1-lib,TGAAAGGGCTTTGCTATAAG,1
M1-lib,TGACACAACAAATCAGAAAC,1
M1-lib,TGACACAACAAATCAGAAGA,1
M1-lib,TGACCACTGAGAGAGAAGTGT,1
M1-lib,TGACCCTCAGAGAGAAGTGT,1
M1-lib,TGACCCTGAGAGAGAAGGTGT,1
M1-lib,TGAGAGTGAAGGAGATCAGG,1
M1-lib,TGCAACAGGCCCTGCATGCA,1
M1-lib,TGCAATAGGCCCTGCATGTA,1
M1-lib,TGCAATAGGCCCTGCGATGTA,1
M1-lib,TGCATCAAGCAGCTCCAGGC,1
M1-lib,TGCTTTAATAGAGAAGCTTG,1
M1-lib,TGGAAACCAAAAATGATCGG,1
M1-lib,TGGATAAGTGGGCAAGATTG,1
M1-lib,TGGATAAGTGGGCAAGTTTG,1
M1-lib,TGGATAAGTGGGCTAGTTTG,1
M1-lib,TGGGCAAGTCAAATTTATGC,1
M1-lib,TGGGCAAGTCAGATTTCCGC,1
M1-lib,TGGTGGAATCTACTGCAGTA,1
M1-lib,TGTACGGGTAGTCTAAATTT,1
M1-lib,TGTACTGTCCATTTATCCGG,1
M1-lib,TGTACTTCCACAGGGATGGA,1
M1-lib,TGTATAAACGGCAGTTGTTG,1
M1-lib,TGTATGGGCAGTTTACATTT,1
M1-lib,TGTATGGGTAATTTAAATTT,1
M1-lib,TGTCTTATTCTTCGAGGTAT,1
M1-lib,TGTGCAAGTCAGATTTACGC,1
M1-lib,TGTGCATCCACAGGGGTGGA,1
M1-lib,TGTGCGCCCACAGGGATGGA,1
M1-lib,TGTGCTCCCACAGGGATGGA,1
M1-lib,TGTGCTGCCACAGGGATGGA,1
M1-lib,TGTGCTGCCACAGGGATGGC,1
M1-lib,TGTGCTGCCCCAGGGATGGA,1
M1-lib,TTAAGAGAAAGAAAAATAGA,1
M1-lib,TTAAGCCTCCTACTATCATT,1
M1-lib,TTAATGAGGAAGCTGCAGAA,1
M1-lib,TTACACCCTATCAGCCTGCA,1
M1-lib,TTACACCCTGCGAGCCTGCA,1
M1-lib,TTACACCCTGTGAGCTTGCA,1
M1-lib,TTACGACAAAGAAAAATAGA,1
M1-lib,TTAGGCAAGCCACTTGGATTC,1
M1-lib,TTAGTGCCTTGGTTCACCTA,1
M1-lib,TTAGTGCTCTTGGTTCCTCTA,1
M1-lib,TTAGTGCTTTGCTTCCTCTA,1
M1-lib,TTAGTGCTTTGGTTGCCCTA,1
M1-lib,TTATAAAAGATGGACAATCC,1
M1-lib,TTATAAAAGATGGATAAGCC,1
M1-lib,TTATAAGAGATGGATAATCC,1
M1-lib,TTATGGGTACCAGCACACAA,1
M1-lib,TTATGGGTCGCAGTCTATTA,1
M1-lib,TTCAAGCACAACCAGACTAAG,1
M1-lib,TTCCTTCCCCCTGGCCTTAA,1
M1-lib,TTCGGATGTCTCTAAAAGGC,1
M1-lib,TTCGGCTACTAAGTCTTTTG,1
M1-lib,TTCTACCACTCCCTGACTTT,1
M1-lib,TTCTATTACTCCTTGACCTT,1
M1-lib,TTCTTTCCCCCTGGCCGTAA,1
M1-lib,TTCTTTCCCCCTGGCTTTAA,1
M1-lib,TTCTTTCCTCCTGGCCTTAA,1
M1-lib,TTCTTTCCTCCTGGCCTTGA,1
M1-lib,TTGAGATAACATGACCTGGA,1
M1-lib,TTGGAATCCCACGACCTGGA,1
M1-lib,TTGGCAAGTCAGATTTACCC,1
M1-lib,TTGGCAGGCTACCTGGGTTC,1
M1-lib,TTGGGCAAGTCAGATTTATGC,1
M1-lib,TTGGTGGGCCGGGATCAAGC,1
M1-lib,TTGGTGGGCGGGGATCAAGC,1
M1-lib,TTGGTGGGCGGGGATCAGGC,1
M1-lib,TTGTACAGCTCGTCCATGCC,1
M1-lib,TTGTGGGTAACAGTTTATTA,1
M1-lib,TTGTGGGTCACAGTTTATAA,1
M1-lib,TTTCAGACAAGGATATCCTG,1
M1-lib,TTTCCCATGTCTCTTTTTTT,1
M1-lib,TTTCTGCATCATTATGGTCG,1
M1-lib,TTTCTGCATCATTATGGTGG,1
M1-lib,TTTCTTCATCATTATGGTAG,1
M1-lib,TTTCTTGTGGATTGGGGTCT,1
M1-lib,TTTCTTTATCATTATGGTAG,1
M1-lib,TTTGAGTCAGGGAGTCTCCA,1
M1-lib,TTTGCACCACAGCTGTGCCT,1
M1-lib,TTTGGAACTATAGTATCCTA,1
M1-lib,TTTGGGTCAGGGTGTCTCCA,1
M1-lib,TTTGGGTCTGGGAGTCTCCA,1
M1-lib,TTTGGGTTAAGGAGTCTCCA,1
M1-lib,TTTTAAGATAGTCTTACAAT,1
M1-lib,TTTTCTATAATTCTTTATTC,1
M1-lib,TTTTCTTTAATTCTTTATGC,1
M1-lib,TTTTGCTGGTCCTCTCCAAA,1
M1-lib,TTTTTTCTTTTTTTACCCTG,1
M2-lib,AAAACTGTGAGTTACAATTT,1
M2-lib,AAAACTGTGCATTACAATTT,1
M2-lib,AAAGAGCCGAGCAAGCTTCA,1
M2-lib,AAATAATCAAAGTAATGCAG,1
M2-lib,AAATTTAAAGTACAGCCAAT,1
M2-lib,AACAACAGCTCCTAGGGATT,1
M2-lib,AACACGGGAAACATGGTGGA,1
M2-lib,AAGAGAGTACTATTTTTAGA,1
M2-lib,AAGCAATTTATCTAGCTTTC,1
M2-lib,AAGCATTTCATCTAGCTTTA,1
M2-lib,AAGCCAGGAATGGATGGCTC,1
M2-lib,AAGCCTCAATAAAGCGTTGCC,1
M2-lib,AAGCTGTACTGTCCATTTGT,1
M2-lib,AAGGAACTCTTGTCTTTTCT,1
M2-lib,AAGGACAAAGTCTACGTGTC,1
M2-lib,AAGGACAAAGTCTATCTGTC,1
M2-lib,AAGGACATCTTGTCTTTTCT,1
M2-lib,AAGGCACAGAAGTGGTGCAG,1
M2-lib,AAGGCACAGGAGTGGTGCAG,1
M2-lib,AAGGCACAGTAGTCGTGCAG,1
M2-lib,AAGGCACAGTAGTGGAGCAA,1
M2-lib,AAGGCACAGTAGTGGCGCAG,1
M2-lib,AAGGCACAGTAGTGGTCCAG,1
M2-lib,AAGGCACAGTAGTGGTGACAA,1
M2-lib,AAGGCACAGTAGTGGTGCAA,1
M2-lib,AAGGCACAGTAGTTGTGCAG,1
M2-lib,AAGGCACAGTTGTGGTGCAG,1
M2-lib,AAGGCTACTTACCTGATTGG,1
M2-lib,AATAATTCCTCATGCATATT,1
M2-lib,AATATTGGAGTCAGGACCTA,1
M2-lib,AATCAGTAACATTATTGGAT,1
M2-lib,AATCGCAGAACCAGCAGGAA,1
M2-lib,AATCGCAGAACCTGCAAGAA,1
M2-lib,AATGATCTCCCTGGTCCTCT,1
M2-lib,AATGATTCCTAGTGCAGATT,1
M2-lib,AATGATTCCTAGTGCAGTATT,1
M2-lib,AATTAGTTGGTCTGCCAGGT,1
M2-lib,AATTAGTTGGTCTGCTAGGT,1
M2-lib,AATTGGCAGTAACAACATAT,1
M2-lib,AATTGGTAGTAACAACATACT,1
M2-lib,AATTGGTAGTCACAACATAT,1
M2-lib,AATTGTTTTACATCATTAGT,1
M2-lib,ACACATAGTTAGCCCTAGTT,1
M2-lib,ACACATAGTTAGCCCTATGT,1
M2-lib,ACACTGAGTAAAAGGGTCTG,1
M2-lib,ACAGACTCACAATATGCATT,1
M2-lib,ACAGAGTATTGGCAAAGCCAC,1
M2-lib,ACAGAGTATTTGCAGGCCAC,1
M2-lib,ACAGCATATTGGCAAGCCAC,1
M2-lib,ACAGTGGCAATGAGATTGAG,1
M2-lib,ACAGTGTATTGGCAAGCCAC,1
M2-lib,ACATACTCATCTATCAATAC,1
M2-lib,ACATAGTATTGGCAGGCCAC,1
M2-lib,ACATGGTAGGACAGATGCAG,1
M2-lib,ACATGGTAGGACAGATGCAT,1
M2-lib,ACCAATCTAGCATCCCCTAG,1
M2-lib,ACCATGGGAAGCATGGTGGA,1
M2-lib,ACCCATCAATGAGGAAGCTG,1
M2-lib,ACCCTCTATTGAGTGCATCA,1
M2-lib,ACCGATCTACATAGTCTCTA,1
M2-lib,ACCGGTCTACTTAATCTCTA,1
M2-lib,ACCGTTTATCCATTTCAGAA,1
M2-lib,ACGCCATGTACTGGTTCTTT,1
M2-lib,ACTAACTGAAGAAGCAGAAT,1
M2-lib,ACTTACGGGGATACTTGGGC,1
M2-lib,ACTTATGGCGATACTTGGGC,1
M2-lib,ACTTATTGGGATACTTGGAC,1
M2-lib,AGAAACGGCTTTGCTATAAG,1
M2-lib,AGAAAGTTTCTGCTCCTATT,1
M2-lib,AGAAATGCCATATGAGGACA,1
M2-lib,AGAAGGTTTCTGCTCCTACT,1
M2-lib,AGAATAGGGTGCCAACATAG,1
M2-lib,AGAATTGGGTGACGACATAG,1
M2-lib,AGAATTGGGTGCCAACATAG,1
M2-lib,AGACAAGACATTCTTGATCT,1
M2-lib,AGACAAGATATCCTTTGATCT,1
M2-lib,AGAGAATGGCATCTGGGTCA,1
M2-lib,AGAGACTGGCATTTGGGACA,1
M2-lib,AGAGCCTCCATTTCTTTGGA,1
M2-lib,AGAGGACCCGACAGGCCCGA,1
M2-lib,AGATTTTCCACACTGACTGA,1
M2-lib,AGATTTTCCGCACTGACTAA,1
M2-lib,AGCATGGTATTTAAATCTTG,1
M2-lib,AGCCACCTGGATGCCTGAGT,1
M2-lib,AGCCACTTGGCTTCCTGAGT,1
M2-lib,AGGAGTCCTAGGCTGATTTC,1
M2-lib,AGGCTGCACTGTCCATATAT,1
M2-lib,AGGGCCACCTGTTGGTGGGC,1
M2-lib,AGGGCCGCCAGTTGGTGGGC,1
M2-lib,AGGGCCGCCTGTTGGTGCGC,1
M2-lib,AGGGCCTCCTGTTGGTGGGC,1
M2-lib,AGTAATAAAATCTATGAATA,1
M2-lib,AGTACAGTACAATGTACCCA,1
M2-lib,AGTACCACAAACTGAAGAAG,1
M2-lib,AGTAGCAGTTCATGTAGCCT,1
M2-lib,AGTAGGAGAATCTATGAATA,1
M2-lib,AGTAGTAGAATCCGTGAATA,1
M2-lib,AGTATAAACAATGAGACACC,1
M2-lib,AGTATTCGAGTCAGGAACTA,1
M2-lib,AGTATTGGAGTGAGGAACTA,1
M2-lib,ATACATGGATGACTTGTATG,1
M2-lib,ATAGCACTACTCTTTAGTTC,1
M2-lib,ATATATGGATGACTTGTATG,1
M2-lib,ATATCAGCACTAGTGGAGAT,1
M2-lib,ATATCAGCACTTGTGGATAT,1
M2-lib,ATATCAGCACTTTTGGAGAT,1
M2-lib,ATATCTTGTCTTCGTTGAGA,1
M2-lib,ATATGGTGGTAATAGCAACA,1
M2-lib,ATATTCCAAAGTAGCATGAC,1
M2-lib,ATCAATGAGGAAGCTGCAGA,1
M2-lib,ATCACAAAAATTCGAAATTT,1
M2-lib,ATCAGTTTTAGGCTGACTTC,1
M2-lib,ATCCATCCAATGCTGGCTCA,1
M2-lib,ATCCATCCTATGTGTTCCTG,1
M2-lib,ATCCTTTGACGTACACAATA,1
M2-lib,ATCGGCTCCTGCATCTGAGG,1
M2-lib,ATCGGCTCCTGCTTCGGAGG,1
M2-lib,ATCGGGCTCCTGCTTCTGAGG,1
M2-lib,ATCTTTTGATGTCCACAATA,1
M2-lib,ATGATACAGTATTAGAAGAC,1
M2-lib,ATGATTGTGTGGCAAGTAGA,1
M2-lib,ATGATTGTGTGGCAAGTCGA,1
M2-lib,ATGGGATTAAATACAATAGT,1
M2-lib,ATGTACTATTGGCAGGCTAC,1
M2-lib,ATGTTTCCAGGGCTCTAGTT,1
M2-lib,ATTAGGACATACCACATCCAG,1
M2-lib,ATTCATCCTATTTGTTCCTG,1
M2-lib,ATTCGAAAAGAGCCAGTACA,1
M2-lib,ATTCGCAGAACCAGCAAGAA,1
M2-lib,ATTTACCAATACTACTGCTT,1
M2-lib,ATTTCCTGTCCTGTTTCTGC,1
M2-lib,ATTTTCCAATACTGCTTCTT,1
M2-lib,CAAGAAAATATGCAAAAATG,1
M2-lib,CAAGCTGAGCCAGCAGCCGA,1
M2-lib,CAATTTAAAGTAACCCAGAG,1
M2-lib,CACAATTTCAAAAGAAAAGG,1
M2-lib,CACTATGATTACTTCTAATC,1
M2-lib,CAGAAAGAACCTCCTTTTCT,1
M2-lib,CAGAACAACACACCAGGGCC,1
M2-lib,CAGGAAAATATGCAAAAATG,1
M2-lib,CAGTAAAATGAAAGCCAGGA,1
M2-lib,CAGTAACAGTACTGGATGTG,1
M2-lib,CAGTAACAGTACTGGATTTG,1
M2-lib,CAGTGCACTTTAAACAAACA,1
M2-lib,CAGTGCCTTGGAATACTAGT,1
M2-lib,CATAGTGTTAGGAAACTGACA,1
M2-lib,CATGGCCGGAGAGAAGCATC,1
M2-lib,CCAAACTAACACTTCTTTCT,1
M2-lib,CCAACAAGAAAAGAATGAAC,1
M2-lib,CCACAATCCTCGCTACAATC,1
M2-lib,CCACACTAATACTTCTCCCT,1
M2-lib,CCACATATCCTCGCTACAATC,1
M2-lib,CCACTCTAGCACTTCTCTCT,1
M2-lib,CCACTCTTCTCTTTGCCTTG,1
M2-lib,CCCAAGAACAATACAAGAAA,1
M2-lib,CCCATATTACCTATGCTTTCT,1
M2-lib,CCCATATTACTCTGCTTTCT,1
M2-lib,CCCCTATTACTATGCTTTCT,1
M2-lib,CCCCTGGTGGTTCTGCACTA,1
M2-lib,CCCCTGTAGGTTCTGCACTA,1
M2-lib,CCCGAATCCTGTAAAGCTAG,1
M2-lib,CCGGCAAGAAAAGAATGAAC,1
M2-lib,CCTACCCCATCCAAAGAAAT,1
M2-lib,CCTGAATCCTGCAAGGCTGG,1
M2-lib,CCTGAATCCTGCAAGGGCTAG,1
M2-lib,CCTTGGCCTTGGGGATTGTA,1
M2-lib,CGAAAGGGCTTTGCTATAAG,1
M2-lib,CGAAGTGAGCCAGCAGCAGA,1
M2-lib,CGCTCCGCAGGTCGTCCCAG,1
M2-lib,CGTAGGAGAAATTTATAAAAG,1
M2-lib,CTAACAAGGCCAGGGTTAACT,1
M2-lib,CTAACAGGACAGGGTTAACT,1
M2-lib,CTAACAGGCCACGATTGACT,1
M2-lib,CTAACAGGCCAGGGGTAACT,1
M2-lib,CTAATCAGGCCAGGGTTAACT,1
M2-lib,CTACAGGGTCAACAGCTCCT,1
M2-lib,CTAGCACCATCCAAAGGTCA,1
M2-lib,CTAGCTACATGGACCGCTAC,1
M2-lib,CTAGGATTAAATAAAATGAGT,1
M2-lib,CTAGTATTAAATAAAATAGT,1
M2-lib,CTAGTGTCGCAAAACTGACA,1
M2-lib,CTAGTGTTACAAAACTGACA,1
M2-lib,CTAGTGTTGCGAAACTGACA,1
M2-lib,CTATCAGGCCAGGGTTAACT,1
M2-lib,CTGTGCCTTAGAATGCTAGT,1
M2-lib,CTGTGCCTTGCGAATACTAGT,1
M2-lib,CTTATTCTTTTTTAACCCTG,1
M2-lib,CTTCCTACAAGGGAAGGCCA,1
M2-lib,CTTCGATTCCTCCGGACCTG,1
M2-lib,CTTCGATTCCTTCGGGCTTG,1
M2-lib,CTTCGATTCCTTCTGGCCTG,1
M2-lib,CTTCTTCTGGGCTGGGGTCT,1
M2-lib,CTTCTTGTGGGCTGGGATCT,1
M2-lib,CTTCTTGTGGGCTGGGGGCT,1
M2-lib,CTTCTTGTGGGTTATGGTCT,1
M2-lib,CTTGCCATGTTTCTTTTTGT,1
M2-lib,CTTTATCTTTTTTAACCCTG,1
M2-lib,CTTTTATAGATGTATCCTAC,1
M2-lib,CTTTTTCTTTTTGAACCCTG,1
M2-lib,GAAATCATGACAGCATGCCA,1
M2-lib,GAAATGATGACAGCATGTCA,1
M2-lib,GACATATCTATGAAACTTAC,1
M2-lib,GACATGGGAAAACATGGTGGA,1
M2-lib,GACATTCTGGGAAGTTCAACT,1
M2-lib,GACCATCAATGAGGAAGCTG,1
M2-lib,GACCGGATATCCACTGACCT,1
M2-lib,GACTTACTCTTGATTGTGAC,1
M2-lib,GAGACAACATTTGTTGAGGT,1
M2-lib,GAGACAAGGGGTCGCTGCCA,1
M2-lib,GAGAGGATGACAGCATGTCA,1
M2-lib,GAGATGATGACAGCATGTCA,1
M2-lib,GAGATTTGGGATAACATGAC,1
M2-lib,GAGATTTTCCACACTGACTAA,1
M2-lib,GAGTCATTTGAGGGAGGCTA,1
M2-lib,GAGTGATTTGAGGGACGTTA,1
M2-lib,GATCAGAAGATAGTGGCAAT,1
M2-lib,GATGCTCCCAGGGCTCTAGT,1
M2-lib,GATGTCTCCTACTGAGATAG,1
M2-lib,GATGTCTGCTACTGGGATAG,1
M2-lib,GCACAGTTTTAATTGTGGAG,1
M2-lib,GCACCGACCAAGGCAAAAAG,1
M2-lib,GCACTATTTTGATTGTTTTT,1
M2-lib,GCAGCAGCTGAGGGGACAGA,1
M2-lib,GCAGCAGTTCTTGTAGTACT,1
M2-lib,GCAGCTGCTTTCTGCCTGTA,1
M2-lib,GCAGCTGCTTTTTGCTTGTA,1
M2-lib,GCAGGAGTGGAAGACATAAT,1
M2-lib,GCAGGAGTGGAGGCCATAAA,1
M2-lib,GCAGGAGTGGAGGCCATAAT,1
M2-lib,GCAGTAGCTGAGGGGACAGA,1
M2-lib,GCAGTAGCTGATGGAACAGA,1
M2-lib,GCAGTAGCTGTGGGGACAGA,1
M2-lib,GCATGGGTACCAGCACACAA,1
M2-lib,GCATTAGCTGAGGGGACAGA,1
M2-lib,GCCAAAATTACTCTATAGTG,1
M2-lib,GCCACAGAGAGGAACCATACA,1
M2-lib,GCCACAGAGGGAGCGATACA,1
M2-lib,GCCGAATCCTGCAAAGCTAG,1
M2-lib,GCCGGGGCACAATCATGTAT,1
M2-lib,GCCGTGCGCGCTTCAGCAAG,1
M2-lib,GCCGTTTCTCCATTTCAGAA,1
M2-lib,GCGCAGAAGATAGTGGCAAT,1
M2-lib,GCGCGATCACATGGTCCTGC,1
M2-lib,GCGGGAATCACGCAGGAATT,1
M2-lib,GCGTGGCCTGGGCAGGACTG,1
M2-lib,GCGTGGGTACCAGCACATAA,1
M2-lib,GCTACAACCAGCCCTTCAGA,1
M2-lib,GCTACAACCATCCCTGCAGA,1
M2-lib,GCTATTCGCCACATACCTAG,1
M2-lib,GCTGCTTAATGCCCCAGACT,1
M2-lib,GCTGTACTTTCTATAGTAGA,1
M2-lib,GCTGTTTGATGCCCCAGACT,1
M2-lib,GCTGTTTGATGCCCCAGTCT,1
M2-lib,GCTTCACAAGAAGTAAAAAA,1
M2-lib,GCTTCACAAGATGTAAAAAC,1
M2-lib,GCTTCACAGGAGGTAAGAAA,1
M2-lib,GGAAAGGGCTTTGCTATTAG,1
M2-lib,GGACTCAACAAATCAGAAGA,1
M2-lib,GGAGACTAAATTAGGTAAAG,1
M2-lib,GGAGAGTGATGGGGATCAGG,1
M2-lib,GGAGGACCAAGCCATAAAGC,1
M2-lib,GGAGGAGGCTTAATAGGTTT,1
M2-lib,GGAGTACCTGGCCATAAAGC,1
M2-lib,GGAGTTCAATAACCCATCCAA,1
M2-lib,GGCAAATACTGGCGTATTGT,1
M2-lib,GGCAAATTTTGGAGTATTGT,1
M2-lib,GGCATGGGTACCAGGACACA,1
M2-lib,GGCATTAAGCAGCTCCAGGA,1
M2-lib,GGCCACCAGGATTCCTGAGT,1
M2-lib,GGCCACCTGGATTCCTGATT,1
M2-lib,GGCCACCTGGCTTCCTGAGT,1
M2-lib,GGCCACCTGGGTTCCTGAGT,1
M2-lib,GGCCACGTGGATTCCTGAGT,1
M2-lib,GGCCATCTTCCTGCTGAATTT,1
M2-lib,GGCGACCTGGATTCCTGAGT,1
M2-lib,GGCTCCGCAGGTCGTCCCAG,1
M2-lib,GGCTCCTGTCCTGTTTCTGC,1
M2-lib,GGCTCTGCAGGTCGTCCCAG,1
M2-lib,GGGAAATCCTCAAATATTGG,1
M2-lib,GGGCTCTAGTCCAGGATCTA,1
M2-lib,GGGCTCTAGTCTAGCATCTA,1
M2-lib,GGGCTCTAGTCTAGGCTCTA,1
M2-lib,GGGCTCTAGTCTCGGATCTA,1
M2-lib,GGGCTCTCGTCTAGGATCTA,1
M2-lib,GGGCTCTTGTCTAGGATCTA,1
M2-lib,GGGGAGTACAGTTCAGGGGA,1
M2-lib,GGGTCCCCTCGGGATTGGGA,1
M2-lib,GGTCCCCTCGGGGCTGAGAG,1
M2-lib,GGTCCCCTCGGGGCTGGGAA,1
M2-lib,GGTCCCCTCTGGGCTGGGTG,1
M2-lib,GGTCGAATCTCCTACAATAT,1
M2-lib,GTACCACTAAAATTGAAGCC,1
M2-lib,GTAGACAAATTAGTCAGTGC,1
M2-lib,GTAGATAAACTAGTCAGTAA,1
M2-lib,GTAGCACCATCCAAAAGGTCA,1
M2-lib,GTAGGAAGCTTGGTAGGTTT,1
M2-lib,GTAGGACCTGGCCATAAAGC,1
M2-lib,GTAGGAGATATCTATAAAAG,1
M2-lib,GTAGGAGGCTTAATAGGTTT,1
M2-lib,GTAGGAGGCTTAGTAGCTTT,1
M2-lib,GTAGGAGGCTTAGTAGGCTT,1
M2-lib,GTAGGAGGCTTGATAGGTTT,1
M2-lib,GTAGTAAAAATTGAAGCATT,1
M2-lib,GTAGTAAGCATTGAACCATT,1
M2-lib,GTAGTACAAATTGAACCATT,1
M2-lib,GTAGTGAGAATTGAACCATT,1
M2-lib,GTATTAACAAACTCCCACTC,1
M2-lib,GTATTGACAAATTCCCACTC,1
M2-lib,GTCAGGGAGTAGTACAATCC,1
M2-lib,GTCGAGCTGCTTCATGTGGT,1
M2-lib,GTCGTGCTGCTTCATGTGGT,1
M2-lib,GTCGTGCTGCTTCTTGTGGT,1
M2-lib,GTGCATGGCTAGAAGCACAA,1
M2-lib,GTGCCTGGCTAGAAGTACAA,1
M2-lib,GTGGGAGACATCTATAAAAG,1
M2-lib,GTGGGTCTGAAACGACAATG,1
M2-lib,GTGTGCCAAGTAGACAGGAT,1
M2-lib,GTGTGGTAGACCCACAGATC,1
M2-lib,GTGTTGTAGAGCCACAGATC,1
M2-lib,GTTTCCTGCCCTGTTTCTGA,1
M2-lib,GTTTCTTGCCCTCTTTCTGC,1
M2-lib,GTTTGGCGATTCTTCAATTA,1
M2-lib,GTTTTGCGATTCATCAATTA,1
M2-lib,TAATTTGTTTTATTCTGCAT,1
M2-lib,TACCACTTACTGCTTTGATA,1
M2-lib,TACCATAATTGTACTAGGGG,1
M2-lib,TACCATAGATTTTACTAGGGG,1
M2-lib,TACTACTTACTGCTTTGATA,1
M2-lib,TACTATGTTTAATTCTAATC,1
M2-lib,TACTATGTTTACTGCTAGTC,1
M2-lib,TACTATGTTTACTTCTAACC,1
M2-lib,TACTATGTTTCCTTCTAACC,1
M2-lib,TAGAGCTTTTAGAGGAACTT,1
M2-lib,TAGCTGCTCTATTGCTACTT,1
M2-lib,TAGGGACTTCCAAATTCCTG,1
M2-lib,TAGTTCCCTTCAGGAACAAA,1
M2-lib,TATAGTAAATAGAGTCAGGC,1
M2-lib,TATAGTGAATAGAGGTTAGGC,1
M2-lib,TATCAGAAGGGGCCACCCCA,1
M2-lib,TATCATAATTTTACTAGGGG,1
M2-lib,TATGAAGCTTGCTCGGCTCT,1
M2-lib,TATGAGGGACAATTGGTGAA,1
M2-lib,TATGGGGGACAATTGGAGAA,1
M2-lib,TCAAGCACAGCCAGATAAAA,1
M2-lib,TCAAGCAGGACACAACAAGG,1
M2-lib,TCAAGCAGGACATCACAAGG,1
M2-lib,TCACACTTATCTGGTTGTGC,1
M2-lib,TCACGGGTACCAGCACACAA,1
M2-lib,TCACTGTTATCTGGTTGTGC,1
M2-lib,TCAGAATAATGTGCTTCCAC,1
M2-lib,TCAGAGTATTGGCAAGCCAC,1
M2-lib,TCAGCAGTCCTTGTAGTAAT,1
M2-lib,TCAGCAGTCCTTGTAGTACCT,1
M2-lib,TCAGCAGTTCTTGGAGTACT,1
M2-lib,TCAGCAGTTCTTGGTAGTACT,1
M2-lib,TCAGCAGTTCTTGTTGTACT,1
M2-lib,TCAGTACAAGGTGCTCCCAC,1
M2-lib,TCAGTACAATGTACTTCCAC,1
M2-lib,TCAGTATAATGTGCTTCCTC,1
M2-lib,TCCCCAAAGTCAAGGGGTAG,1
M2-lib,TCCCCAAAGTTAAGGGGTAG,1
M2-lib,TCCTACAATCCCCAAAGCCA,1
M2-lib,TCCTGCTATGTCACCTCCCC,1
M2-lib,TCCTGCTATGTCACTTCCGC,1
M2-lib,TCCTGCTATGTCACTTCTCC,1
M2-lib,TCGGGCATGTCGGGTCCCCT,1
M2-lib,TCTCTGCATGATTATGGTAG,1
M2-lib,TCTGAGGGATCTCTAGTTAC,1
M2-lib,TCTGGGTCAGGGAGTCTCCA,1
M2-lib,TCTTTGCATCATTATGGTAG,1
M2-lib,TGACCCTGAGAGAGAAGAGT,1
M2-lib,TGAGAGTGAGGGAGATCAGG,1
M2-lib,TGAGCATCTGATGCACAAAA,1
M2-lib,TGATGCAGAGAGGCAATTTT,1
M2-lib,TGGATAAACAGAAGTTGTTG,1
M2-lib,TGGATAAGTGGGCTAGTTTG,1
M2-lib,TGGGCAAGTCAGATTCATCC,1
M2-lib,TGGGCAAGTCAGATTTATTC,1
M2-lib,TGGGCAAGTCAGATTTCCGC,1
M2-lib,TGGTGGAACCTCCTGCAGTA,1
M2-lib,TGGTGGAATCTACTGCAGTA,1
M2-lib,TGTACGGGTAGTCTAAATTT,1
M2-lib,TGTATGGGTAGTCTTAATTT,1
M2-lib,TGTGCTGCCACAGGGATGGA,1
M2-lib,TGTGCTGCCCCAGGGATGGA,1
M2-lib,TGTGTGGACCATAGTACTCA,1
M2-lib,TGTGTGGTACATAGTACTCA,1
M2-lib,TTAAGGCAAAGAAAAATAGA,1
M2-lib,TTAATCAAGCACAACCAGAT,1
M2-lib,TTACACCCTATCAGCCTGCA,1
M2-lib,TTACACCCTGTGAGCCATGCA,1
M2-lib,TTAGTGCTCTTGGTTCCTCTA,1
M2-lib,TTAGTGCTTTGGTTCCTGTA,1
M2-lib,TTAGTGCTTTTGTTCCTCTA,1
M2-lib,TTATAAATGATGGATAATCC,1
M2-lib,TTATCTATGCTTTGCAGGATT,1
M2-lib,TTATGAGGGACAATTGGAGAA,1
M2-lib,TTATGGGTCGCAGTCTATTA,1
M2-lib,TTATTGCTTTGGTTCCTCTA,1
M2-lib,TTCAAGCACAACCAGACTAAG,1
M2-lib,TTCCACTACTCGTTGACTTT,1
M2-lib,TTCCGCTGTTTCTAACAGGC,1
M2-lib,TTCCTTTTTATGGCAAATAT,1
M2-lib,TTCGGCTACTAAGTCTTTTG,1
M2-lib,TTCTACAACTCCCTGACTTT,1
M2-lib,TTCTGATGTTTCTAACAGGC,1
M2-lib,TTCTGGTACTAAGTCTTTTG,1
M2-lib,TTCTTTCCCCCTGGCCTATAA,1
M2-lib,TTCTTTCCCCCTGGCCTTAG,1
M2-lib,TTCTTTCCCCCTGGCTTTAA,1
M2-lib,TTGGCAGGCTACCTGGAATC,1
M2-lib,TTGGGCAAGTCAGATTTATGC,1
M2-lib,TTGGTGGGCGGGGATGAAGC,1
M2-lib,TTGTGGGTCACAGTCTATTA,1
M2-lib,TTGTGGGTCACAGTTTATAA,1
M2-lib,TTGTTTCTTTTTTAACCCTG,1
M2-lib,TTTCCCATGTTTCCTTTTGT,1
M2-lib,TTTCTGCATCATTAATGGTAG,1
M2-lib,TTTCTTCATCATTATGGTAG,1
M2-lib,TTTGCACCACAGCTGTGCCT,1
M2-lib,TTTGGGTCTGGGAGTCTCCA,1
M2-lib,TTTGGTCCTTGTTATATGTC,1
M2-lib,TTTTATAAATATAAAGTAGT,1
M2-lib,TTTTTCCAGTTCCCTTAGATA,1
M2-lib,TTTTTCTTTATAGCAAATAC,1
M2-lib,TTTTTCTTTATAGCAAATAT,1
M2-lib,TTTTTTCTTTTTTAATCATG,1
